1980.266.jpeg,17
11777.jpg,17
1994.119.jpeg,17
437380.jpg,17
1980.280.jpeg,17
225620-77367.jpg,17
1950.250.jpeg,17
229132-77807.jpg,17
1923.602.jpeg,17
11113.jpg,17
1964.361.jpeg,17
1929.133.jpeg,17
210258-269208.jpg,17
659875.jpg,17
1939.269.jpeg,17
1958.21.jpeg,17
435907.jpg,17
225613-77372.jpg,17
437268.jpg,17
437181.jpg,17
19826.jpg,17
1952.235.4.jpeg,17
1939.234.jpeg,17
435878.jpg,17
436819.jpg,17
225616-77359.jpg,17
232435-148833.jpg,17
215529-32869.jpg,17
172085-26331.jpg,17
212169-8152.jpg,17
229395-77971.jpg,17
222686-5889.jpg,17
1967.17.jpeg,17
3919.1920.jpeg,17
1969.52.jpeg,17
11764.jpg,17
11779.jpg,17
1977.121.jpeg,17
177026-138094.jpg,17
437975.jpg,17
461.1915.jpeg,17
2092283-278330.jpg,17
175277-74721.jpg,17
1951.323.jpeg,17
1916.1032.jpeg,17
435738.jpg,17
1961.219.jpeg,17
229465-78147.jpg,17
1970.32.jpeg,17
2092283-383466.jpg,17
418110.jpg,9
336704.jpg,9
358492.jpg,9
358704.jpg,9
386979.jpg,9
1992.344.u.jpeg,9
383921.jpg,9
1989.13.kkk.jpeg,9
362288.jpg,9
386892.jpg,9
359280.jpg,9
367319.jpg,9
386851.jpg,9
386259.jpg,9
343550.jpg,9
14460.jpg,9
357855.jpg,9
386843.jpg,9
363123.jpg,9
394867.jpg,9
394485.jpg,9
15312.jpg,9
359105.jpg,9
359092.jpg,9
367248.jpg,9
1954.359.jpeg,9
1941.85.jpeg,9
1992.344.ss.jpeg,9
358554.jpg,9
1992.344.yyy.jpeg,9
1979.62.jpeg,9
1944.404.jpeg,9
357870.jpg,9
485530.jpg,9
358686.jpg,9
355648.jpg,9
334898.jpg,9
418106.jpg,9
1925.804.jpeg,9
384953.jpg,9
386935.jpg,9
1989.13.b.jpeg,9
367284.jpg,9
383918.jpg,9
367187.jpg,9
386323.jpg,9
363547.jpg,9
1992.344.vvv.jpeg,9
352897.jpg,9
1989.13.ggg.jpeg,9
239629.jpg,7
2942.jpg,7
249827.jpg,7
259143.jpg,7
249651.jpg,7
1920.442.jpeg,7
549317.jpg,7
1917.1061.jpeg,7
249815.jpg,7
239866.jpg,7
195148.jpg,7
245446.jpg,7
249484.jpg,7
252340.jpg,7
249990.jpg,7
239771.jpg,7
192314.jpg,7
2640.jpg,7
257127.jpg,7
257097.jpg,7
257220.jpg,7
257338.jpg,7
253550.jpg,7
186152.jpg,7
239598.jpg,7
245280-50935.jpg,7
1915.550.jpeg,7
170579-141051.jpg,7
186395.jpg,7
228622-222202.jpg,7
1920.428.jpeg,7
239977-82643.jpg,7
249015.jpg,7
479114.jpg,7
570433.jpg,7
477143.jpg,7
239867.jpg,7
249766.jpg,7
1915.539.jpeg,7
257186.jpg,7
195154.jpg,7
1915.551.jpeg,7
552131.jpg,7
257124.jpg,7
245272.jpg,7
477133.jpg,7
7953.jpg,7
1997.294.jpeg,7
14233.jpg,7
1942.1090.b.jpeg,7
456174.jpg,14
471154.jpg,14
547994.jpg,14
547979.jpg,14
545438.jpg,14
245674-51319.jpg,14
242075.jpg,14
184448-52750.jpg,14
548136.jpg,14
544794.jpg,14
244062.jpg,14
242158.jpg,14
242156.jpg,14
568332.jpg,14
446138.jpg,14
446145.jpg,14
470752.jpg,14
252983.jpg,14
558328.jpg,14
471140.jpg,14
548138.jpg,14
544721.jpg,14
471189.jpg,14
244049.jpg,14
242098.jpg,14
1914.622.jpeg,14
242269.jpg,14
245638-51330.jpg,14
549994.jpg,14
1940.618.jpeg,14
184448-52748.jpg,14
1920.1975.a.jpeg,14
241864.jpg,14
456154.jpg,14
551360.jpg,14
571362.jpg,14
323767.jpg,14
242036.jpg,14
244814-50458.jpg,14
545909.jpg,14
322367.jpg,14
244872-50452.jpg,14
242041.jpg,14
325524.jpg,14
241871.jpg,14
547095.jpg,14
471321.jpg,14
184952-131322.jpg,14
242177.jpg,14
184448-52733.jpg,14
239277-90320.jpg,1
256038.jpg,1
1995.339.jpeg,1
42170.jpg,1
1914.581.jpeg,1
1995.311.jpeg,1
244482-50005.jpg,1
1974.88.jpeg,1
1967.33.jpeg,1
60166.jpg,1
199947-132332.jpg,1
1946.351.jpeg,1
1987.14.1.jpeg,1
665755.jpg,1
233944-150845.jpg,1
226073-108008.jpg,1
322425.jpg,1
1922.163.jpeg,1
244512.jpg,1
552215.jpg,1
243992-53523.jpg,1
1974.90.jpeg,1
244551-50023.jpg,1
38933.jpg,1
248150.jpg,1
1921.497.a.jpeg,1
1995.382.jpeg,1
1916.1873.jpeg,1
1918.506.jpeg,1
1942.488.jpeg,1
1984.54.jpeg,1
1917.661.jpeg,1
185079-109415.jpg,1
172438-71224.jpg,1
1989.364.jpeg,1
172657-109272.jpg,1
545361.jpg,1
1917.632.jpeg,1
1920.735.a.jpeg,1
571372.jpg,1
244566-49999.jpg,1
1995.392.jpeg,1
1917.642.jpeg,1
173166-28366.jpg,1
228450-353022.jpg,1
324387.jpg,1
226593-108627.jpg,1
1991.49.jpeg,1
2010.264.jpeg,1
1945.180.jpeg,1
2272706-378861.jpg,2
247946.jpg,2
178236-26191.jpg,2
718751.jpg,2
1914.718.56.jpeg,2
1954.857.jpeg,2
201433-72232.jpg,2
1921.635.jpeg,2
1914.718.123.jpeg,2
766117.jpg,2
173206-71176.jpg,2
1923.645.jpeg,2
1914.718.14.jpeg,2
668492.jpg,2
201632-87218.jpg,2
243752-53343.jpg,2
693457.jpg,2
1930.47.jpeg,2
721380.jpg,2
728732.jpg,2
243932-53351.jpg,2
172806-28021.jpg,2
213251-390700.jpg,2
773944.jpg,2
733169.jpg,2
1914.718.31.jpeg,2
1924.533.jpeg,2
1914.718.21.jpeg,2
2004.67.jpeg,2
1914.718.131.jpeg,2
1998.83.2.jpeg,2
1992.352.1.jpeg,2
245135-50744.jpg,2
2268019-47528.jpg,2
1974.38.jpeg,2
220053-8057.jpg,2
766068.jpg,2
1914.718.96.jpeg,2
1914.718.89.jpeg,2
739925.jpg,2
213250-390697.jpg,2
1914.718.87.jpeg,2
1914.718.93.jpeg,2
219543-33175.jpg,2
2272757-378741.jpg,2
247703.jpg,2
178206-26187.jpg,2
1921.1717.jpeg,2
1944.131.jpeg,2
1978.13.jpeg,2
436515.jpg,19
45493.jpg,19
10784.jpg,19
441356.jpg,19
437587.jpg,19
1916.779.jpeg,19
551118.jpg,19
1994.10.jpeg,19
437921.jpg,19
436050.jpg,19
436261.jpg,19
438887.jpg,19
1944.88.jpeg,19
437073.jpg,19
436070.jpg,19
436268.jpg,19
437171.jpg,19
1973.2.jpeg,19
458975.jpg,19
437526.jpg,19
437032.jpg,19
470876.jpg,19
437914.jpg,19
435658.jpg,19
436290.jpg,19
201939-231790.jpg,19
1916.1053.jpeg,19
212191-8142.jpg,19
1918.173.jpeg,19
230433-146721.jpg,19
1914.718.1.jpeg,19
173847-71383.jpg,19
437777.jpg,19
436795.jpg,19
437611.jpg,19
546806.jpg,19
459133.jpg,19
10808.jpg,19
1914.718.1.b.jpeg,19
437519.jpg,19
471904.jpg,19
2116803-231805.jpg,19
1947.208.jpeg,19
438020.jpg,19
470873.jpg,19
436430.jpg,19
437413.jpg,19
1986.68.jpeg,19
545546.jpg,19
509.1915.jpeg,19
551451.jpg,6
591106.jpg,6
587039.jpg,6
625891.jpg,6
556913.jpg,6
172919-28281.jpg,6
625809.jpg,6
587038.jpg,6
590982.jpg,6
560858.jpg,6
590335.jpg,6
544753.jpg,6
591050.jpg,6
324356.jpg,6
556916.jpg,6
623366.jpg,6
250528.jpg,6
549166.jpg,6
553417.jpg,6
591762.jpg,6
591104.jpg,6
545260.jpg,6
250529.jpg,6
557975.jpg,6
551002.jpg,6
244671-50194.jpg,6
544840.jpg,6
244511-50076.jpg,6
623238.jpg,6
1950.370.a.jpeg,6
244668-50238.jpg,6
244694-50252.jpg,6
551521.jpg,6
551219.jpg,6
550191.jpg,6
625516.jpg,6
558433.jpg,6
571946.jpg,6
244563-50167.jpg,6
625721.jpg,6
590981.jpg,6
244958-50263.jpg,6
552980.jpg,6
548418.jpg,6
591067.jpg,6
623263.jpg,6
545955.jpg,6
253872-47835.jpg,6
591039.jpg,6
551532.jpg,6
5164.jpg,24
549398.jpg,24
193246.jpg,24
554347.jpg,24
59372.jpg,24
1941.60.jpeg,24
2251.jpg,24
1964.455.jpeg,24
38260.jpg,24
461620.jpg,24
59159.jpg,24
59727.jpg,24
60429.jpg,24
59227.jpg,24
501193.jpg,24
475418.jpg,24
59165.jpg,24
59277.jpg,24
505737.jpg,24
59423.jpg,24
49119.jpg,24
445998.jpg,24
551958.jpg,24
237868.jpg,24
446003.jpg,24
1953.691.27.jpeg,24
1961.86.jpeg,24
1953.691.5.a.jpeg,24
59715.jpg,24
245185-50819.jpg,24
1953.691.18.jpeg,24
2110227-1609.jpg,24
59324.jpg,24
316266.jpg,24
479402.jpg,24
471192.jpg,24
309273.jpg,24
38592.jpg,24
1949.417.jpeg,24
445057.jpg,24
504650.jpg,24
1921.669.jpeg,24
193242.jpg,24
501097.jpg,24
59089.jpg,24
461550.jpg,24
59142.jpg,24
1956.126.jpeg,24
229722.jpg,24
1953.691.17.b.jpeg,24
50269.jpg,8
40555.jpg,8
1969.192.jpeg,8
40560.jpg,8
1916.664.jpeg,8
238909-151746.jpg,8
242570.jpg,8
1969.198.b.jpeg,8
1969.182.b.jpeg,8
243164.jpg,8
2001.25.jpeg,8
1969.145.b.jpeg,8
1969.173.jpeg,8
49719.jpg,8
457583.jpg,8
561589.jpg,8
309942.jpg,8
1968.51.b.jpeg,8
309432.jpg,8
248633.jpg,8
309947.jpg,8
1938.427.a.jpeg,8
465010.jpg,8
318978.jpg,8
200455.jpg,8
238020-79140.jpg,8
1969.188.jpeg,8
212847-80920.jpg,8
1973.66.3.jpeg,8
230171-146091.jpg,8
238912-151777.jpg,8
248882-69295.jpg,8
462705.jpg,8
65168.jpg,8
2004.150.jpeg,8
313343.jpg,8
465925.jpg,8
1969.220.b.jpeg,8
242505-90733.jpg,8
251178.jpg,8
29486.jpg,8
230199-146114.jpg,8
1969.201.jpeg,8
243534.jpg,8
308896.jpg,8
64414.jpg,8
1969.182.jpeg,8
1969.164.jpeg,8
2004.149.jpeg,8
1969.155.jpeg,8
251156.jpg,16
252919.jpg,16
465983.jpg,16
248205.jpg,16
256523.jpg,16
184913-109456.jpg,16
250646.jpg,16
1965.24.c.jpeg,16
247174.jpg,16
464371.jpg,16
445349.jpg,16
253483.jpg,16
2018.257.jpeg,16
253379.jpg,16
463949.jpg,16
248641.jpg,16
470795.jpg,16
1965.238.jpeg,16
470814.jpg,16
471914.jpg,16
466585.jpg,16
253386.jpg,16
246991.jpg,16
256974.jpg,16
11789.jpg,16
2110483-68247.jpg,16
1917.320.jpeg,16
229601-78394.jpg,16
1921.423.jpeg,16
185081-109440.jpg,16
230243-146152.jpg,16
230091-262360.jpg,16
322665.jpg,16
470845.jpg,16
246997.jpg,16
15480.jpg,16
209061.jpg,16
470815.jpg,16
1948.25.jpeg,16
470799.jpg,16
250951.jpg,16
229951-377528.jpg,16
1920.286.jpeg,16
252633.jpg,16
478936.jpg,16
687670.jpg,16
253372.jpg,16
1921.1003.jpeg,16
322764.jpg,16
1977.181.jpeg,16
323573.jpg,13
41506.jpg,13
59838.jpg,13
321887.jpg,13
309452.jpg,13
1969.229.g.jpeg,13
325732.jpg,13
59043.jpg,13
324737.jpg,13
60160.jpg,13
85399.jpg,13
60185.jpg,13
324931.jpg,13
309550.jpg,13
324758.jpg,13
325809.jpg,13
324322.jpg,13
59660.jpg,13
435994.jpg,13
60035.jpg,13
464258.jpg,13
60195.jpg,13
547034.jpg,13
324201.jpg,13
464700.jpg,13
1967.134.jpeg,13
325761.jpg,13
1968.284.jpeg,13
470262.jpg,13
2262753-71707.jpg,13
1969.229.e.jpeg,13
1940.691.jpeg,13
60280.jpg,13
59884.jpg,13
453459.jpg,13
59993.jpg,13
59964.jpg,13
60381.jpg,13
1989.329.jpeg,13
325760.jpg,13
561142.jpg,13
2005.3.jpeg,13
467643.jpg,13
59682.jpg,13
59990.jpg,13
244093.jpg,13
249187.jpg,13
60310.jpg,13
325083.jpg,13
39863.jpg,13
7926.jpg,22
547550.jpg,22
1940.215.2.jpeg,22
2652.jpg,22
1940.233.jpeg,22
178071-26209.jpg,22
232359.jpg,22
1940.14.2.jpeg,22
1919.624.jpeg,22
465517.jpg,22
323481.jpg,22
1950.380.jpeg,22
1916.985.a.jpeg,22
202758.jpg,22
3293.jpg,22
8235.jpg,22
20139.jpg,22
1943.188.a.jpeg,22
247147.jpg,22
308835.jpg,22
7884.jpg,22
1921.954.jpeg,22
468467.jpg,22
192146.jpg,22
253776.jpg,22
224520-40899.jpg,22
1986.181.jpeg,22
172629-109374.jpg,22
1965.316.jpeg,22
247341-55253.jpg,22
246680-52443.jpg,22
252087-46925.jpg,22
326392.jpg,22
210710.jpg,22
1940.443.jpeg,22
59928.jpg,22
210713.jpg,22
1941.294.a.jpeg,22
1914.795.k.jpeg,22
253686.jpg,22
253724.jpg,22
205147-102837.jpg,22
1951.163.jpeg,22
210871.jpg,22
208104.jpg,22
398.jpg,22
1967.242.jpeg,22
1961.200.jpeg,22
1968.26.jpeg,22
1956.29.jpeg,22
1943.609.jpeg,5
395359.jpg,5
248549-56841.jpg,5
382304.jpg,5
171784-40563.jpg,5
173213-148205.jpg,5
1971.50.8.jpeg,5
205390-103293.jpg,5
248618-56880.jpg,5
391585.jpg,5
1924.862.jpeg,5
203816-150925.jpg,5
247017-53055.jpg,5
392977.jpg,5
1945.392.jpeg,5
1920.671.jpeg,5
337452.jpg,5
247027-53073.jpg,5
717091.jpg,5
377473.jpg,5
1921.154.jpeg,5
234554-151113.jpg,5
1997.177.jpeg,5
736316.jpg,5
816842.jpg,5
248515-56770.jpg,5
228641-11780.jpg,5
234654-151130.jpg,5
234458-150967.jpg,5
230819-147373.jpg,5
250336-48316.jpg,5
250053-48178.jpg,5
1961.306.jpeg,5
1988.110.jpeg,5
234390-150942.jpg,5
1920.139.jpeg,5
341496.jpg,5
173258-147918.jpg,5
237747-78894.jpg,5
384637.jpg,5
1991.220.jpeg,5
173276-147883.jpg,5
231932-147940.jpg,5
1918.127.jpeg,5
1946.312.jpeg,5
400327.jpg,5
1943.589.3.jpeg,5
202355-146926.jpg,5
232222-148318.jpg,5
173592-148057.jpg,5
327026.jpg,12
186907.jpg,12
468861.jpg,12
468844.jpg,12
29293.jpg,12
1919.255.jpeg,12
33612.jpg,12
1919.258.jpeg,12
468872.jpg,12
468878.jpg,12
187115.jpg,12
468894.jpg,12
468802.jpg,12
471634.jpg,12
468877.jpg,12
471604.jpg,12
35804.jpg,12
470123.jpg,12
471637.jpg,12
34357.jpg,12
326640.jpg,12
471585.jpg,12
471665.jpg,12
466308.jpg,12
471671.jpg,12
1919.432.jpeg,12
1917.90.jpeg,12
1919.288.jpeg,12
446240.jpg,12
1915.94.jpeg,12
1919.500.jpeg,12
1919.497.jpeg,12
33629.jpg,12
462982.jpg,12
468889.jpg,12
468804.jpg,12
247070.jpg,12
712739.jpg,12
1919.531.jpeg,12
33549.jpg,12
468835.jpg,12
1919.292.jpeg,12
469727.jpg,12
467611.jpg,12
471304.jpg,12
468903.jpg,12
186856.jpg,12
1919.355.jpeg,12
244195.jpg,12
1919.336.jpeg,12
1935.9.jpeg,4
368932.jpg,4
238088-79191.jpg,4
342560.jpg,4
229588-12013.jpg,4
229588-12008.jpg,4
1922.489.jpeg,4
242116-90913.jpg,4
173306-78640.jpg,4
394416.jpg,4
1922.474.jpeg,4
249561-58791.jpg,4
171133-39607.jpg,4
381941.jpg,4
1963.303.7.jpeg,4
1954.566.jpeg,4
388851.jpg,4
236947-78641.jpg,4
368131.jpg,4
415211.jpg,4
1963.303.6.jpeg,4
173798-41092.jpg,4
1987.115.jpeg,4
364803.jpg,4
392868.jpg,4
173813-79470.jpg,4
171260-39998.jpg,4
688263-146953.jpg,4
233261-9897.jpg,4
171331-39911.jpg,4
2279942-39615.jpg,4
171228-39881.jpg,4
1946.364.jpeg,4
1987.114.jpeg,4
171075-39727.jpg,4
1943.568.jpeg,4
682104.jpg,4
238095-79197.jpg,4
233237-150539.jpg,4
399698.jpg,4
1962.400.jpeg,4
173137-150597.jpg,4
247485-55397.jpg,4
1948.170.jpeg,4
1919.679.jpeg,4
722489.jpg,4
1923.746.7.jpeg,4
236942-78651.jpg,4
170974-39617.jpg,4
2280227-148699.jpg,4
23684.jpg,23
22798.jpg,23
23519.jpg,23
23112.jpg,23
22847.jpg,23
1918.677.jpeg,23
23539.jpg,23
27092.jpg,23
24828.jpg,23
24692.jpg,23
23619.jpg,23
23166.jpg,23
23641.jpg,23
22773.jpg,23
22885.jpg,23
23077.jpg,23
27121.jpg,23
23708.jpg,23
31415.jpg,23
23275.jpg,23
23529.jpg,23
25398.jpg,23
22803.jpg,23
30856.jpg,23
23128.jpg,23
1918.707.jpeg,23
23638.jpg,23
1918.681.jpeg,23
187431.jpg,23
1918.749.jpeg,23
23443.jpg,23
1916.684.jpeg,23
23580.jpg,23
23496.jpg,23
33951.jpg,23
23928.jpg,23
23712.jpg,23
23631.jpg,23
31421.jpg,23
23923.jpg,23
31044.jpg,23
1918.687.jpeg,23
23400.jpg,23
23161.jpg,23
22251.jpg,23
23536.jpg,23
23176.jpg,23
30908.jpg,23
23501.jpg,23
23608.jpg,23
201351-86362.jpg,26
54948.jpg,26
189617-146767.jpg,26
54891.jpg,26
238198-79308.jpg,26
1930.190.jpeg,26
201347-86349.jpg,26
1916.1108.b.jpeg,26
190893-90759.jpg,26
55212.jpg,26
1924831-19568.jpg,26
213093-80234.jpg,26
1980.84.jpeg,26
57085.jpg,26
190565-83445.jpg,26
201335-87294.jpg,26
54492.jpg,26
1921.329.jpeg,26
37176.jpg,26
36599.jpg,26
55257.jpg,26
191252-68611.jpg,26
1924832-19555.jpg,26
73520.jpg,26
36727.jpg,26
1940.720.jpeg,26
1916.1149.jpeg,26
1921.1281.jpeg,26
1985.237.jpeg,26
1975.66.jpeg,26
1930.186.jpeg,26
1941.286.jpeg,26
211774-80158.jpg,26
190557-83493.jpg,26
191387-68621.jpg,26
434205.jpg,26
53984.jpg,26
191703-57275.jpg,26
1921.337.jpeg,26
36798.jpg,26
191672-68555.jpg,26
1930.205.jpeg,26
1916.1155.jpeg,26
189562-76462.jpg,26
212929-80744.jpg,26
54587.jpg,26
201398-87325.jpg,26
1940.985.jpeg,26
189640-138041.jpg,26
1921.1288.jpeg,26
230316.jpg,21
91711.jpg,21
66587.jpg,21
468428.jpg,21
230474.jpg,21
90107.jpg,21
454593.jpg,21
65947.jpg,21
67932.jpg,21
463293.jpg,21
454465.jpg,21
66076.jpg,21
213106.jpg,21
213196.jpg,21
454447.jpg,21
217014.jpg,21
229863.jpg,21
468146.jpg,21
66183.jpg,21
230547.jpg,21
454554.jpg,21
229582.jpg,21
230057.jpg,21
230372.jpg,21
230369.jpg,21
68349.jpg,21
108193.jpg,21
468137.jpg,21
230050.jpg,21
1920.1587.jpeg,21
222504.jpg,21
65126.jpg,21
220584.jpg,21
454596.jpg,21
454526.jpg,21
65958.jpg,21
230041.jpg,21
454506.jpg,21
201587.jpg,21
229862.jpg,21
65787.jpg,21
230037.jpg,21
213821.jpg,21
230298.jpg,21
222979.jpg,21
230189.jpg,21
227162.jpg,21
227380.jpg,21
220685.jpg,21
223543.jpg,21
1925.1204.5.jpeg,15
358096.jpg,15
1927.358.jpeg,15
407235.jpg,15
1987.33.jpeg,15
203009-26879.jpg,15
2010.626.jpeg,15
231299-147035.jpg,15
1940.1090.jpeg,15
625297.jpg,15
1942.1038.jpeg,15
1982.243.jpeg,15
1942.1005.jpeg,15
813897.jpg,15
1927.115.jpeg,15
1962.193.jpeg,15
406681.jpg,15
1925.980.jpeg,15
422107.jpg,15
418572.jpg,15
754564.jpg,15
2014.274.jpeg,15
2010.638.jpeg,15
406927.jpg,15
407591.jpg,15
2111934-14089.jpg,15
2280474-147287.jpg,15
231299-146995.jpg,15
1924.288.jpeg,15
231299-147024.jpg,15
2280004-70019.jpg,15
231299-146989.jpg,15
1927.89.jpeg,15
2010.622.jpeg,15
1976.1072.b.jpeg,15
363065.jpg,15
408066.jpg,15
1973.125.jpeg,15
231299-147012.jpg,15
410180.jpg,15
1997.228.jpeg,15
249433-70082.jpg,15
1947.460.jpeg,15
2009.515.jpeg,15
1921.8.jpeg,15
697448.jpg,15
1941.258.jpeg,15
2280321-147487.jpg,15
1950.326.jpeg,15
203630-51872.jpg,15
447602.jpg,28
168474.jpg,28
108223.jpg,28
230502.jpg,28
223457.jpg,28
227300.jpg,28
158413.jpg,28
82642.jpg,28
219529.jpg,28
230172.jpg,28
66685.jpg,28
71767.jpg,28
67326.jpg,28
230129.jpg,28
66410.jpg,28
67511.jpg,28
67346.jpg,28
71608.jpg,28
105442.jpg,28
72037.jpg,28
72065.jpg,28
216220.jpg,28
66458.jpg,28
169257.jpg,28
474221.jpg,28
81305.jpg,28
71774.jpg,28
221237.jpg,28
67076.jpg,28
1917.949.jpeg,28
229802.jpg,28
1920.1537.jpeg,28
236785.jpg,28
119820.jpg,28
115260.jpg,28
102354.jpg,28
66403.jpg,28
67465.jpg,28
103120.jpg,28
103695.jpg,28
82161.jpg,28
90538.jpg,28
170438.jpg,28
158042.jpg,28
102615.jpg,28
174647.jpg,28
108112.jpg,28
71937.jpg,28
67646.jpg,28
224423.jpg,28
199344.jpg,20
205699.jpg,20
1939.204.jpeg,20
208422.jpg,20
1942.713.jpeg,20
2012.121.b.jpeg,20
202620.jpg,20
1954.368.jpeg,20
1989.30.jpeg,20
202344.jpg,20
1915.389.jpeg,20
1917.619.2.jpeg,20
1962.360.2.a.jpeg,20
203000.jpg,20
205186.jpg,20
207120.jpg,20
17779.jpg,20
1944.159.jpeg,20
820044.jpg,20
2691.jpg,20
202562.jpg,20
1989.189.19.jpeg,20
45893.jpg,20
45879.jpg,20
2559.jpg,20
231705-147710.jpg,20
1917.611.1.jpeg,20
248940-57841.jpg,20
1998.412.jpeg,20
177823-75776.jpg,20
1986.10.jpeg,20
231727-147722.jpg,20
20753.jpg,20
2122.jpg,20
1919.197.jpeg,20
9583.jpg,20
208514.jpg,20
1954.372.jpeg,20
1920.401.jpeg,20
236948.jpg,20
6915.jpg,20
1917.624.2.jpeg,20
1919.199.jpeg,20
209407.jpg,20
203416.jpg,20
203027.jpg,20
1942.865.jpeg,20
1972.189.a.jpeg,20
1944.193.b.jpeg,20
1989.189.15.jpeg,20
341820.jpg,18
342059.jpg,18
342251.jpg,18
339175.jpg,18
362891.jpg,18
700404.jpg,18
340788.jpg,18
349877.jpg,18
459773.jpg,18
459681.jpg,18
340646.jpg,18
368567.jpg,18
459934.jpg,18
343438.jpg,18
341228.jpg,18
363370.jpg,18
459441.jpg,18
338344.jpg,18
459604.jpg,18
340806.jpg,18
459757.jpg,18
817129.jpg,18
338070.jpg,18
339137.jpg,18
459214.jpg,18
338854.jpg,18
459610.jpg,18
340807.jpg,18
372536.jpg,18
174542-26295.jpg,18
338051.jpg,18
360155.jpg,18
343474.jpg,18
338908.jpg,18
342280.jpg,18
364105.jpg,18
338006.jpg,18
342267.jpg,18
337189.jpg,18
367161.jpg,18
342258.jpg,18
346339.jpg,18
338731.jpg,18
459616.jpg,18
338566.jpg,18
344290.jpg,18
337738.jpg,18
334817.jpg,18
340964.jpg,18
338816.jpg,18
1971.10.jpeg,27
661804.jpg,27
1997.189.jpeg,27
388402.jpg,27
1928.634.jpeg,27
1945.26.1.jpeg,27
668874.jpg,27
1932.330.10.jpeg,27
1926.458.jpeg,27
659982.jpg,27
1923.526.6.jpeg,27
1925.1287.jpeg,27
1949.565.3.jpeg,27
659530.jpg,27
429636.jpg,27
669894.jpg,27
382491.jpg,27
1932.330.29.jpeg,27
680550.jpg,27
662063.jpg,27
343125.jpg,27
1939.619.jpeg,27
682962.jpg,27
682956.jpg,27
680720.jpg,27
177599-54704.jpg,27
1960.34.jpeg,27
1947.7.jpeg,27
1952.43.a.jpeg,27
171073-39684.jpg,27
1922.94.13.jpeg,27
187903-131515.jpg,27
659994.jpg,27
685247.jpg,27
1923.253.jpeg,27
660064.jpg,27
660344.jpg,27
1923.267.jpeg,27
1925.1221.jpeg,27
659116.jpg,27
661145.jpg,27
1932.330.15.jpeg,27
1930.583.8.jpeg,27
658977.jpg,27
670723.jpg,27
388644.jpg,27
1961.275.jpeg,27
1935.117.jpeg,27
1945.26.jpeg,27
1922.290.jpeg,27
1942.1463.jpeg,25
717630.jpg,25
1921.1491.jpeg,25
399134.jpg,25
1942.1307.jpeg,25
1925.585.jpeg,25
685295.jpg,25
1942.1375.jpeg,25
1942.1208.jpeg,25
760641.jpg,25
1921.1302.jpeg,25
1942.1351.a.jpeg,25
1942.1388.jpeg,25
761153.jpg,25
381679.jpg,25
760647.jpg,25
735897.jpg,25
1924.387.jpeg,25
392141.jpg,25
700953.jpg,25
372962.jpg,25
1942.1360.jpeg,25
662021.jpg,25
382281.jpg,25
736046.jpg,25
1981.90.jpeg,25
1942.1272.jpeg,25
2007.260.jpeg,25
1942.1363.jpeg,25
2280662-78027.jpg,25
1921.1316.jpeg,25
1924.380.jpeg,25
392163.jpg,25
760375.jpg,25
1942.1243.jpeg,25
395558.jpg,25
395559.jpg,25
1932.592.jpeg,25
1942.1280.jpeg,25
736051.jpg,25
392243.jpg,25
1924.998.jpeg,25
1923.581.jpeg,25
736028.jpg,25
662037.jpg,25
359080.jpg,25
1942.1279.jpeg,25
1953.546.jpeg,25
1941.135.jpeg,25
1953.548.jpeg,25
252901-47421.jpg,10
208561-56108.jpg,10
208316-55859.jpg,10
208326-55765.jpg,10
208454-56055.jpg,10
208385-55893.jpg,10
252778-47304.jpg,10
208570-56088.jpg,10
208198-55731.jpg,10
208201-55763.jpg,10
252637-47181.jpg,10
252737-47296.jpg,10
208558-56073.jpg,10
208356-55793.jpg,10
208573-56105.jpg,10
208321-103500.jpg,10
208139-103455.jpg,10
252945-47415.jpg,10
208472-56000.jpg,10
252899-47413.jpg,10
208399-55853.jpg,10
252627-47157.jpg,10
253068-47301.jpg,10
208154-55734.jpg,10
208212-55735.jpg,10
719671.jpg,10
208406-55943.jpg,10
719672.jpg,10
252883-47423.jpg,10
1952.13.jpeg,10
208443-55880.jpg,10
720012.jpg,10
208613-56150.jpg,10
247686-55569.jpg,10
208338-55865.jpg,10
208200-55746.jpg,10
252670-47150.jpg,10
252723-47248.jpg,10
208264-55847.jpg,10
252918-47380.jpg,10
252817-47332.jpg,10
719664.jpg,10
252880-47396.jpg,10
252766-47266.jpg,10
252732-47246.jpg,10
252956-47245.jpg,10
252593-47137.jpg,10
252645-47193.jpg,10
247656-55560.jpg,10
252545-47123.jpg,10
323396.jpg,3
321821.jpg,3
322086.jpg,3
321720.jpg,3
321865.jpg,3
321546.jpg,3
322127.jpg,3
322022.jpg,3
321526.jpg,3
323450.jpg,3
322101.jpg,3
328903.jpg,3
546423.jpg,3
323275.jpg,3
61586.jpg,3
322068.jpg,3
61584.jpg,3
322123.jpg,3
321532.jpg,3
550176.jpg,3
546416.jpg,3
323341.jpg,3
546427.jpg,3
323337.jpg,3
321845.jpg,3
321619.jpg,3
323420.jpg,3
38851.jpg,3
321994.jpg,3
570767.jpg,3
546426.jpg,3
246521.jpg,3
328896.jpg,3
323280.jpg,3
321918.jpg,3
322125.jpg,3
321812.jpg,3
561818.jpg,3
322097.jpg,3
321944.jpg,3
328897.jpg,3
323389.jpg,3
321535.jpg,3
323269.jpg,3
322457.jpg,3
321908.jpg,3
321698.jpg,3
546366.jpg,3
321938.jpg,3
321735.jpg,3
775437.jpg,11
742531.jpg,11
774704.jpg,11
391905.jpg,11
392473.jpg,11
744172.jpg,11
738643.jpg,11
739623.jpg,11
392748.jpg,11
811977.jpg,11
391843.jpg,11
774804.jpg,11
774806.jpg,11
392759.jpg,11
739775.jpg,11
788240.jpg,11
742394.jpg,11
739834.jpg,11
392791.jpg,11
775522.jpg,11
720460.jpg,11
811952.jpg,11
745520.jpg,11
742660.jpg,11
788319.jpg,11
739588.jpg,11
775487.jpg,11
739040.jpg,11
744190.jpg,11
392718.jpg,11
391832.jpg,11
720472.jpg,11
811979.jpg,11
787893.jpg,11
774773.jpg,11
775458.jpg,11
788054.jpg,11
742431.jpg,11
738114.jpg,11
751213.jpg,11
788244.jpg,11
744163.jpg,11
736044.jpg,11
392780.jpg,11
720533.jpg,11
738461.jpg,11
391809.jpg,11
736544.jpg,11
744255.jpg,11
392711.jpg,11
261395.jpg,0
271510.jpg,0
288537.jpg,0
306967.jpg,0
259599.jpg,0
269253.jpg,0
415105.jpg,0
266110.jpg,0
288131.jpg,0
647205.jpg,0
286770.jpg,0
306986.jpg,0
414986.jpg,0
416150.jpg,0
286459.jpg,0
261383.jpg,0
261496.jpg,0
412008.jpg,0
411377.jpg,0
415096.jpg,0
646147.jpg,0
267955.jpg,0
411502.jpg,0
645150.jpg,0
271712.jpg,0
415101.jpg,0
416599.jpg,0
267992.jpg,0
647070.jpg,0
264932.jpg,0
648433.jpg,0
261342.jpg,0
416059.jpg,0
411426.jpg,0
306749.jpg,0
647323.jpg,0
646794.jpg,0
306814.jpg,0
645431.jpg,0
710071.jpg,0
648484.jpg,0
648133.jpg,0
644874.jpg,0
416166.jpg,0
411506.jpg,0
417284.jpg,0
265795.jpg,0
288510.jpg,0
307044.jpg,0
422316.jpg,0
